{"cameraMode":{"drawMode":0,"name":"Shaded","section":"Shading Mode"},"sceneLighting":false,"audioPlay":false,"sceneViewState":{"showFog":true,"showMaterialUpdate":false,"showSkybox":true,"showFlares":true,"showImageEffects":true,"showParticleSystems":true},"in2DMode":false,"pivot":{"x":2.026000499725342,"y":1.5970008373260499,"z":-4.919997692108154},"rotation":{"x":-0.033301275223493579,"y":0.14499565958976746,"z":-0.004570504184812307,"w":-0.9891601204872131},"size":7.07700777053833,"orthographic":false}