{"cameraMode":{"drawMode":0,"name":"Shaded","section":"Shading Mode"},"sceneLighting":false,"audioPlay":false,"sceneViewState":{"showFog":true,"showMaterialUpdate":false,"showSkybox":true,"showFlares":true,"showImageEffects":true,"showParticleSystems":true},"in2DMode":false,"pivot":{"x":4.76837158203125e-7,"y":2.0,"z":0.0000025480985641479494},"rotation":{"x":-0.033301275223493579,"y":0.14499565958976746,"z":-0.004570504184812307,"w":-0.9891601204872131},"size":9.349637985229493,"orthographic":false}